117abb39-d75d-50a6-9710-2a1a5942a753	634a0260-8ba6-5718-b331-78a361ed41a0	{}	{}	{}
200212d0-27c1-5480-b020-adaebf64bdab	85b078e9-a90d-58f9-b936-c3cf0b092c5b	{}	{}	{}
8afbc175-92a5-5f25-81b8-ccd8740bdd0a	5aa81103-53c1-5ebb-840a-f55ee4b51a97	{}	{}	{}
ec0ce690-3ca9-597b-9905-2c0a33cd07bb	82ee1cad-78b2-5863-9826-7ea1dd21abb4	{}	{}	{}
b0d21844-6307-5a45-b335-8d325eeb6700	538652d3-c657-50c7-bf4a-c045b4691ac9	{}	{}	{}
8bc4b65c-ffe7-526d-b89f-0834cd2657c5	de1a124f-e3fe-5dab-8592-fb45d83e272f	{}	{}	{}
2b382b1a-75a9-5e80-bc5e-22cfdc096e69	929b9016-97d9-55b6-94c6-1918faea3c4e	{}	{}	{}
cbc0b5bf-6162-50dd-94b1-0e2a9c7c8b24	472b9dfe-86ad-5dfd-8257-51fd2d284dad	{}	{}	{}
8a1ca548-2932-5da2-b4c0-ed26e1aad4ae	ddae5626-a295-53e3-b8a2-f86cca41bf6a	{}	{}	{}
7e55d2e6-6531-5a21-bcc4-abe706ec040b	e9268d7b-7508-5553-a320-4ad1222161ba	{}	{}	{}
