d9ccbe5c-264a-5022-ae4d-25f6a8869d1a	0573de03-0174-57d1-9fa4-bc15e7e68987	{}	{}	{}
df13a079-d228-5251-977e-62b23f8d558b	4a3e747e-78a5-52e3-b2be-b6dbabe20e12	{}	{}	{}
9e213206-55cc-5b45-9850-b7370edd1136	9495e1c5-c1f7-5360-9f66-b6320d9be9d8	{}	{}	{}
5a2a5ab8-1902-5f79-bfdb-02f2f9bb303b	a811cb73-e0d3-5840-a325-aa914be5eeee	{}	{}	{}
afacd5dc-c256-53df-ac58-c192c606ff61	f96cc3fa-4402-5313-8cef-973e33b37e4d	{}	{}	{}
39ab1637-f4a2-537b-bd09-79eee664d413	7b413360-22d4-5bf5-bc94-25ef7c1c5e8d	{}	{}	{}
1dec0cd5-a0ef-5153-89c4-f4c55984c5d9	a861da37-9408-55e3-bd72-9d88a5cf1529	{}	{}	{}
8b861323-8054-59bf-bf01-3eaf741a0122	cf4ecf44-4241-5c09-9df3-e967da853688	{}	{}	{}
4979de8a-1137-5224-a590-f40110e57fc1	dfa9078f-b5fe-5804-8588-cedd33ba47d9	{}	{}	{}
c62372b3-623e-5819-bd70-ae49e3e2cebe	c553a7e2-dd7d-5bba-910f-60e20c79a3be	{}	{}	{}
