709c2209-7f08-5bd4-a47e-2557dd33e869	0573de03-0174-57d1-9fa4-bc15e7e68987	{}	{}	{}
c91339da-924d-5a8a-af2c-7b4377efe97c	4a3e747e-78a5-52e3-b2be-b6dbabe20e12	{}	{}	{}
863defd2-ec57-5c4f-ae80-3cd56a37d41c	9495e1c5-c1f7-5360-9f66-b6320d9be9d8	{}	{}	{}
6817bf74-2247-507c-a3c9-e03224077bf6	a811cb73-e0d3-5840-a325-aa914be5eeee	{}	{}	{}
92e1228a-0c3d-520e-94fa-4e7b079e7ee2	f96cc3fa-4402-5313-8cef-973e33b37e4d	{}	{}	{}
f4f940bf-a59a-52e5-ba63-267cc3ece638	7b413360-22d4-5bf5-bc94-25ef7c1c5e8d	{}	{}	{}
1e987656-bb4b-54d1-893f-fdd920f23bed	a861da37-9408-55e3-bd72-9d88a5cf1529	{}	{}	{}
0e00da08-b08b-5412-a16c-1ce5a386cfd0	cf4ecf44-4241-5c09-9df3-e967da853688	{}	{}	{}
108e4f2f-fa89-58e6-a034-4d285cbc544b	dfa9078f-b5fe-5804-8588-cedd33ba47d9	{}	{}	{}
5ab94179-7f73-5ba7-af46-76044ae10aa6	c553a7e2-dd7d-5bba-910f-60e20c79a3be	{}	{}	{}
