528b7e5c-1d38-5a3e-83a7-cf88f59be6dd	6781515f-f3a8-5694-8819-45dfe0ba8899	{}	{}	{}
b84913fd-25a1-5a88-be8e-f2a717db45fb	6781515f-f3a8-5694-8819-45dfe0ba8899	{}	{}	{}
27917c0e-c379-5c22-b614-f964d41ac951	6781515f-f3a8-5694-8819-45dfe0ba8899	{}	{}	{}
ae955e33-38eb-555e-a589-c7a3dfd42422	6781515f-f3a8-5694-8819-45dfe0ba8899	{}	{}	{}
26e8dca5-a6b7-5010-8a34-a27e00d3eb9f	6781515f-f3a8-5694-8819-45dfe0ba8899	{}	{}	{}
fa8cdb8d-69a9-5bcf-a09a-0dbcd3c88e47	6781515f-f3a8-5694-8819-45dfe0ba8899	{}	{}	{}
cbe277a2-75d7-5cac-8b20-86295140fec8	6781515f-f3a8-5694-8819-45dfe0ba8899	{}	{}	{}
4509aa27-0cf5-596b-b213-ad44c3716e2b	6781515f-f3a8-5694-8819-45dfe0ba8899	{}	{}	{}
d627dbc5-1be3-5aef-b54a-efaa68b1e3a8	6781515f-f3a8-5694-8819-45dfe0ba8899	{}	{}	{}
bb93a93d-bf8d-5ca7-b34b-adcb9eefb54f	6781515f-f3a8-5694-8819-45dfe0ba8899	{}	{}	{}
