ef3789ba-65c1-5973-a9b9-8687b8de53a2	0573de03-0174-57d1-9fa4-bc15e7e68987	{}	{}	{}
bb99619f-8d07-5f05-b052-2581a7296067	4a3e747e-78a5-52e3-b2be-b6dbabe20e12	{}	{}	{}
0f6146f0-2e74-51df-a1fd-01b92c49e89a	9495e1c5-c1f7-5360-9f66-b6320d9be9d8	{}	{}	{}
f74cf858-4908-552e-b1d9-3654e0723085	a811cb73-e0d3-5840-a325-aa914be5eeee	{}	{}	{}
c431c03b-2a35-51b5-b5c0-3ffb427d2295	f96cc3fa-4402-5313-8cef-973e33b37e4d	{}	{}	{}
df61f8cf-ebda-5411-898b-14ccdbeec0f7	7b413360-22d4-5bf5-bc94-25ef7c1c5e8d	{}	{}	{}
9a33ac3e-7d9c-5c1d-8d20-caaefad7545b	a861da37-9408-55e3-bd72-9d88a5cf1529	{}	{}	{}
291cd1d4-cbe0-5e52-8523-392602e42571	cf4ecf44-4241-5c09-9df3-e967da853688	{}	{}	{}
4c801a47-2431-57f1-bf96-5c4c7a2e4d8b	dfa9078f-b5fe-5804-8588-cedd33ba47d9	{}	{}	{}
7e2f50e8-47c8-5080-8317-07222b63a59f	c553a7e2-dd7d-5bba-910f-60e20c79a3be	{}	{}	{}
