7ade7ca5-78c8-5ca2-b6f6-bb1e019be92b	0573de03-0174-57d1-9fa4-bc15e7e68987	{}	{}	{}
2171fbb2-e94f-5fd5-a472-7b6d3a7d04e4	4a3e747e-78a5-52e3-b2be-b6dbabe20e12	{}	{}	{}
4213192f-e142-5759-ab58-3b3b30921ce5	9495e1c5-c1f7-5360-9f66-b6320d9be9d8	{}	{}	{}
6d251012-a071-5f70-ad1c-956288df9778	a811cb73-e0d3-5840-a325-aa914be5eeee	{}	{}	{}
cfec01ed-dc11-5ce7-a9f8-b841d0a3c45f	f96cc3fa-4402-5313-8cef-973e33b37e4d	{}	{}	{}
4c16d3f4-bdb3-5b35-80f3-0d41808f15bf	7b413360-22d4-5bf5-bc94-25ef7c1c5e8d	{}	{}	{}
a50550cd-37e5-56de-b76c-c0a80d0da957	a861da37-9408-55e3-bd72-9d88a5cf1529	{}	{}	{}
727cf6ff-ea93-58d2-b6ee-daf854559c17	cf4ecf44-4241-5c09-9df3-e967da853688	{}	{}	{}
1069fd48-6dd5-5168-8cde-dff6556d3580	dfa9078f-b5fe-5804-8588-cedd33ba47d9	{}	{}	{}
e41ebd4b-6e09-58f2-9c21-b54accae89bd	c553a7e2-dd7d-5bba-910f-60e20c79a3be	{}	{}	{}
