7ca8f65d-f0cb-57fe-8646-f3b094ffa5e5	0573de03-0174-57d1-9fa4-bc15e7e68987	{}	{}	{}
f0711599-bc77-5c89-82d3-2b8c1168d139	4a3e747e-78a5-52e3-b2be-b6dbabe20e12	{}	{}	{}
b80a4d8c-5cd3-5d1e-bdf0-42efec5212a5	9495e1c5-c1f7-5360-9f66-b6320d9be9d8	{}	{}	{}
8434a7bb-9f08-5356-82ce-b309308017c5	a811cb73-e0d3-5840-a325-aa914be5eeee	{}	{}	{}
b1faedc7-c79c-5629-ac1e-9fd041c5cb8b	f96cc3fa-4402-5313-8cef-973e33b37e4d	{}	{}	{}
7a60a431-243c-579e-a51a-1716a7f6b26a	7b413360-22d4-5bf5-bc94-25ef7c1c5e8d	{}	{}	{}
89fa0c9b-383d-5c23-bcef-2377651d7a7f	a861da37-9408-55e3-bd72-9d88a5cf1529	{}	{}	{}
8052e89e-1607-5b10-8183-be943e55118f	cf4ecf44-4241-5c09-9df3-e967da853688	{}	{}	{}
96e5ab87-47e0-5b56-9acf-c9532abe7ae5	dfa9078f-b5fe-5804-8588-cedd33ba47d9	{}	{}	{}
7e3cc632-8d1b-57f2-9f18-a5ea777c9cd4	c553a7e2-dd7d-5bba-910f-60e20c79a3be	{}	{}	{}
