0e6d91c2-0e37-5a45-9b7d-68226e2b1c8f	0573de03-0174-57d1-9fa4-bc15e7e68987	{}	{}	{}
176840bd-50ee-5cae-b8fa-c4b9e3c1fe53	4a3e747e-78a5-52e3-b2be-b6dbabe20e12	{}	{}	{}
12949167-d29a-5dd0-bac6-d79ac7ee4027	9495e1c5-c1f7-5360-9f66-b6320d9be9d8	{}	{}	{}
a3cee7ed-504a-5315-827b-dd1dc89cbb90	a811cb73-e0d3-5840-a325-aa914be5eeee	{}	{}	{}
7ccd5161-4135-55c5-abb4-fe38d7e9a08b	f96cc3fa-4402-5313-8cef-973e33b37e4d	{}	{}	{}
d4c0a8e8-6aa1-51bc-989e-3cda3971ab2d	7b413360-22d4-5bf5-bc94-25ef7c1c5e8d	{}	{}	{}
a500972a-c2da-5ceb-a9e2-d48c5c5c7db7	a861da37-9408-55e3-bd72-9d88a5cf1529	{}	{}	{}
eb1f8d54-6572-5c16-bd21-e71dfcc322fb	cf4ecf44-4241-5c09-9df3-e967da853688	{}	{}	{}
fb95d29a-2654-5f26-9ff3-5b4b25a98d4d	dfa9078f-b5fe-5804-8588-cedd33ba47d9	{}	{}	{}
db4bebbc-0b02-577f-a05a-e855f48380e9	c553a7e2-dd7d-5bba-910f-60e20c79a3be	{}	{}	{}
