45618789-f342-5e06-86b4-6586eebee46e	0573de03-0174-57d1-9fa4-bc15e7e68987	{}	{}	{}
2b289f08-9393-58a4-8999-7036bbbf70d8	4a3e747e-78a5-52e3-b2be-b6dbabe20e12	{}	{}	{}
e0d811ed-a9bb-503e-a4f6-2a1f2fb00bc9	9495e1c5-c1f7-5360-9f66-b6320d9be9d8	{}	{}	{}
b77884dd-a537-5865-8eec-1509185e2875	a811cb73-e0d3-5840-a325-aa914be5eeee	{}	{}	{}
29877006-9a4c-54e7-9e67-88207497edbb	f96cc3fa-4402-5313-8cef-973e33b37e4d	{}	{}	{}
4cd75e6b-aae0-53a6-9ef2-86164975db7b	7b413360-22d4-5bf5-bc94-25ef7c1c5e8d	{}	{}	{}
c731c2c3-313d-5a58-990c-7256afc3a7d0	a861da37-9408-55e3-bd72-9d88a5cf1529	{}	{}	{}
ad13b1e7-93c7-5093-8f70-5572cee57107	cf4ecf44-4241-5c09-9df3-e967da853688	{}	{}	{}
46bcbb8c-743a-5f3a-b5fd-bdd56030db49	dfa9078f-b5fe-5804-8588-cedd33ba47d9	{}	{}	{}
6837087a-da8e-5adc-a067-d9e177abe978	c553a7e2-dd7d-5bba-910f-60e20c79a3be	{}	{}	{}
