eaf161a4-3a87-56aa-b125-5bbb01c7bdc9	0573de03-0174-57d1-9fa4-bc15e7e68987	{}	{}	{}
83a43e58-4d61-5cef-a54f-68936bb13f6b	4a3e747e-78a5-52e3-b2be-b6dbabe20e12	{}	{}	{}
bcb64a70-ed29-5ccc-84b6-ea2e6a49a1f5	9495e1c5-c1f7-5360-9f66-b6320d9be9d8	{}	{}	{}
fe8af5bf-9fbc-5685-9d16-7f7c85017b39	a811cb73-e0d3-5840-a325-aa914be5eeee	{}	{}	{}
fac71958-3637-5eca-b4f9-1aad10e413e0	f96cc3fa-4402-5313-8cef-973e33b37e4d	{}	{}	{}
3f2a483f-3124-52b2-9af8-609ab621521f	7b413360-22d4-5bf5-bc94-25ef7c1c5e8d	{}	{}	{}
35cdbb76-64d5-5a4d-a142-3467e0d2bf00	a861da37-9408-55e3-bd72-9d88a5cf1529	{}	{}	{}
28af6d7c-95a8-501d-9abd-9cd3cf2aa2b2	cf4ecf44-4241-5c09-9df3-e967da853688	{}	{}	{}
2f8347c7-45cd-525d-94cf-0585568cfd2d	dfa9078f-b5fe-5804-8588-cedd33ba47d9	{}	{}	{}
8c58d77e-53e7-5e57-bf8e-05589f7e8a1a	c553a7e2-dd7d-5bba-910f-60e20c79a3be	{}	{}	{}
