1cbbb621-d76e-5654-8d84-5116e74dcab3	0573de03-0174-57d1-9fa4-bc15e7e68987	{}	{}	{}
c8df23a6-cbd2-593a-84ac-b75aea6f54ae	4a3e747e-78a5-52e3-b2be-b6dbabe20e12	{}	{}	{}
2beb5370-7ef9-5622-a336-f806f8104ca2	9495e1c5-c1f7-5360-9f66-b6320d9be9d8	{}	{}	{}
93fc0c9f-8283-56f9-b7cd-de118f7ced76	a811cb73-e0d3-5840-a325-aa914be5eeee	{}	{}	{}
096116e0-5e12-50b5-bd67-e579520ec43c	f96cc3fa-4402-5313-8cef-973e33b37e4d	{}	{}	{}
d769dbcb-6c4c-5b1d-ad4a-c53c82c33143	7b413360-22d4-5bf5-bc94-25ef7c1c5e8d	{}	{}	{}
12c4ef96-72fd-5d88-98a7-df9745760d2e	a861da37-9408-55e3-bd72-9d88a5cf1529	{}	{}	{}
aed99ba5-6d22-5734-b560-9f236bbcdbb7	cf4ecf44-4241-5c09-9df3-e967da853688	{}	{}	{}
f4b58307-a5de-526f-859f-8a6b74ba7388	dfa9078f-b5fe-5804-8588-cedd33ba47d9	{}	{}	{}
e4955a26-70b5-520a-91a4-c5af4792e750	c553a7e2-dd7d-5bba-910f-60e20c79a3be	{}	{}	{}
