39db7165-a768-5b55-94d1-96551ec55a7c	0573de03-0174-57d1-9fa4-bc15e7e68987	{}	{}	{}
8bafc9e2-820f-5254-9f6d-d47feacaffe1	4a3e747e-78a5-52e3-b2be-b6dbabe20e12	{}	{}	{}
5c668028-3001-5975-81ec-7ebdcc19e352	9495e1c5-c1f7-5360-9f66-b6320d9be9d8	{}	{}	{}
c67ee157-51ed-5227-a4f2-6c2de2e23552	a811cb73-e0d3-5840-a325-aa914be5eeee	{}	{}	{}
d098ddcf-3e48-5e86-8572-d479443d082f	f96cc3fa-4402-5313-8cef-973e33b37e4d	{}	{}	{}
b1175bb7-d6c7-57c8-8b93-6423aaa29e9b	7b413360-22d4-5bf5-bc94-25ef7c1c5e8d	{}	{}	{}
e0bbb9cc-cb2a-574c-ab0d-940f5d4089c2	a861da37-9408-55e3-bd72-9d88a5cf1529	{}	{}	{}
1b580cf4-b08b-5c52-b0e3-ece4bd0adb91	cf4ecf44-4241-5c09-9df3-e967da853688	{}	{}	{}
3b58aafd-434d-5bf6-9192-e46cde5f5674	dfa9078f-b5fe-5804-8588-cedd33ba47d9	{}	{}	{}
718b04bb-ee5a-5c52-93b1-05652ae2e739	c553a7e2-dd7d-5bba-910f-60e20c79a3be	{}	{}	{}
