ec11e9bb-b53d-5493-8e70-642b7481a7a2	634a0260-8ba6-5718-b331-78a361ed41a0	{}	{}	{}
5895a7b7-f985-58ab-8dab-97c682e47140	85b078e9-a90d-58f9-b936-c3cf0b092c5b	{}	{}	{}
2b8bfea0-23e9-54d2-b28d-f2b2ec7bbc88	5aa81103-53c1-5ebb-840a-f55ee4b51a97	{}	{}	{}
6eb396c0-fa8a-5fe9-a7a4-7cc8988ee865	82ee1cad-78b2-5863-9826-7ea1dd21abb4	{}	{}	{}
14f3fa8a-aea6-586e-8ddf-10512139b1de	538652d3-c657-50c7-bf4a-c045b4691ac9	{}	{}	{}
9d84ce6e-7324-579e-9e1a-6fb4c8cc4bcd	de1a124f-e3fe-5dab-8592-fb45d83e272f	{}	{}	{}
ef4b25a5-df59-56f8-805e-b69c4e9033c3	929b9016-97d9-55b6-94c6-1918faea3c4e	{}	{}	{}
b8015c3b-1742-5e29-a2e6-02ea4aa83511	472b9dfe-86ad-5dfd-8257-51fd2d284dad	{}	{}	{}
aeb3948a-0146-5591-83ac-de8813fcacf9	ddae5626-a295-53e3-b8a2-f86cca41bf6a	{}	{}	{}
3af38cd0-80e0-5950-b38d-b9a50cd4788e	e9268d7b-7508-5553-a320-4ad1222161ba	{}	{}	{}
