64e0cc25-fa55-5710-97e7-2d09e0bab32c	0573de03-0174-57d1-9fa4-bc15e7e68987	{}	{}	{}
4f473024-1a75-506b-aa7c-0a1f13e9dfc1	4a3e747e-78a5-52e3-b2be-b6dbabe20e12	{}	{}	{}
ba7b68e9-e2ef-5597-bdd8-c6b80215f03a	9495e1c5-c1f7-5360-9f66-b6320d9be9d8	{}	{}	{}
e6379788-2582-5d6a-be1f-9652d4c3b85b	a811cb73-e0d3-5840-a325-aa914be5eeee	{}	{}	{}
94b138f8-ee65-5f14-9b41-19fa2228674c	f96cc3fa-4402-5313-8cef-973e33b37e4d	{}	{}	{}
0b23f421-8964-58b1-a2fc-587c753699bb	7b413360-22d4-5bf5-bc94-25ef7c1c5e8d	{}	{}	{}
69ae2050-641a-553b-8ec9-8e682d438c7a	a861da37-9408-55e3-bd72-9d88a5cf1529	{}	{}	{}
0091aae4-91a6-5c0a-8712-707b447dad94	cf4ecf44-4241-5c09-9df3-e967da853688	{}	{}	{}
c883f148-8a84-556e-b6b3-d5186241046e	dfa9078f-b5fe-5804-8588-cedd33ba47d9	{}	{}	{}
04eb8d76-303c-5557-a283-fd05b2f47369	c553a7e2-dd7d-5bba-910f-60e20c79a3be	{}	{}	{}
