2b5592a6-c733-56ae-a565-ede56bdf7e3b	634a0260-8ba6-5718-b331-78a361ed41a0	{}	{}	{}
c9b1ea8d-ce2a-5207-b2e7-6f1a7caec699	85b078e9-a90d-58f9-b936-c3cf0b092c5b	{}	{}	{}
93735053-0fed-5f47-a07b-a24e1fe036ac	5aa81103-53c1-5ebb-840a-f55ee4b51a97	{}	{}	{}
3c2644ca-f32e-58a9-853f-1e6696bece57	82ee1cad-78b2-5863-9826-7ea1dd21abb4	{}	{}	{}
25455612-78f3-53d0-a4fd-5cb77422b0ff	538652d3-c657-50c7-bf4a-c045b4691ac9	{}	{}	{}
eaa896a5-feca-55ae-ac17-49a760207b1a	de1a124f-e3fe-5dab-8592-fb45d83e272f	{}	{}	{}
457de90b-b3fb-56f8-952f-c2c57be38607	929b9016-97d9-55b6-94c6-1918faea3c4e	{}	{}	{}
d054cad1-bb75-522d-adc9-072528c5499f	472b9dfe-86ad-5dfd-8257-51fd2d284dad	{}	{}	{}
7fd35d89-8845-5bbc-b981-236e2e32e34e	ddae5626-a295-53e3-b8a2-f86cca41bf6a	{}	{}	{}
e82c3522-ac43-5573-b8c4-58dd8c423c94	e9268d7b-7508-5553-a320-4ad1222161ba	{}	{}	{}
