c379769e-5aeb-5e1d-8319-21741675caf1	634a0260-8ba6-5718-b331-78a361ed41a0	{}	{}	{}
066a7f32-091c-5140-bf08-725c3fc273d9	85b078e9-a90d-58f9-b936-c3cf0b092c5b	{}	{}	{}
8c6176ad-b253-50b3-9ae2-32c288a9b9c2	5aa81103-53c1-5ebb-840a-f55ee4b51a97	{}	{}	{}
fa264502-cd46-54df-b9ef-bc21a6648aba	82ee1cad-78b2-5863-9826-7ea1dd21abb4	{}	{}	{}
575b188e-29ed-5b41-8205-64082d8e52c2	538652d3-c657-50c7-bf4a-c045b4691ac9	{}	{}	{}
5ed30fff-8e04-5a4a-ab1c-78e7f8503617	de1a124f-e3fe-5dab-8592-fb45d83e272f	{}	{}	{}
3c13231e-0db2-5a31-bb8d-e492298e6b87	929b9016-97d9-55b6-94c6-1918faea3c4e	{}	{}	{}
2e6d1ded-97df-58d0-8491-27a8a565baf7	472b9dfe-86ad-5dfd-8257-51fd2d284dad	{}	{}	{}
d86d603c-6d74-5558-8c4b-6a470e8a4a42	ddae5626-a295-53e3-b8a2-f86cca41bf6a	{}	{}	{}
47158c2e-537e-548b-821a-e85218ba01ac	e9268d7b-7508-5553-a320-4ad1222161ba	{}	{}	{}
