ccd3376b-9dc8-535e-a693-f3edd791c3a5	0573de03-0174-57d1-9fa4-bc15e7e68987	{}	{}	{}
de081b2b-4df2-5d40-9d1a-a733fa57593f	4a3e747e-78a5-52e3-b2be-b6dbabe20e12	{}	{}	{}
51055c10-58ac-5a7d-817c-869c73ace7d8	9495e1c5-c1f7-5360-9f66-b6320d9be9d8	{}	{}	{}
74efeae5-a5f0-58a3-b393-8b985efb4852	a811cb73-e0d3-5840-a325-aa914be5eeee	{}	{}	{}
97dbb06b-209c-5d45-b26a-4af6917c85eb	f96cc3fa-4402-5313-8cef-973e33b37e4d	{}	{}	{}
151caeb0-1d4b-5d94-a7b7-f1fa2a310c40	7b413360-22d4-5bf5-bc94-25ef7c1c5e8d	{}	{}	{}
d541e30c-9ae6-59a7-8514-1f56c6b0f488	a861da37-9408-55e3-bd72-9d88a5cf1529	{}	{}	{}
7e7ca4c6-7ad5-59e3-9d7d-990af0ff320e	cf4ecf44-4241-5c09-9df3-e967da853688	{}	{}	{}
32ff12cd-07d0-5f26-ada9-6f12284c64fc	dfa9078f-b5fe-5804-8588-cedd33ba47d9	{}	{}	{}
69a3f68d-d0e1-594b-b1a1-446b10ed65d9	c553a7e2-dd7d-5bba-910f-60e20c79a3be	{}	{}	{}
