7c635890-2e75-5082-a8ac-38ab4afb226b	0573de03-0174-57d1-9fa4-bc15e7e68987	{}	{}	{}
f86dc4e9-2607-520e-919f-5223090340d5	4a3e747e-78a5-52e3-b2be-b6dbabe20e12	{}	{}	{}
f6e7a39d-0697-53bc-a203-235d4726a4ab	9495e1c5-c1f7-5360-9f66-b6320d9be9d8	{}	{}	{}
20e2bedf-a8d0-5dfa-ba2a-da5aaad18fae	a811cb73-e0d3-5840-a325-aa914be5eeee	{}	{}	{}
f41313a7-4cf9-5fbb-8047-f8d8b1f025ae	f96cc3fa-4402-5313-8cef-973e33b37e4d	{}	{}	{}
cd7c794f-b653-5d97-b552-e5390b88f607	7b413360-22d4-5bf5-bc94-25ef7c1c5e8d	{}	{}	{}
27886f72-83f6-5ed1-a89c-e578ca925a19	a861da37-9408-55e3-bd72-9d88a5cf1529	{}	{}	{}
f6fe4a01-2181-5494-b2f2-6852348b08df	cf4ecf44-4241-5c09-9df3-e967da853688	{}	{}	{}
ffef9f89-b259-5a91-baab-33a4596a5553	dfa9078f-b5fe-5804-8588-cedd33ba47d9	{}	{}	{}
dda06a38-83a4-5cfc-9e72-1cbfc09f65b8	c553a7e2-dd7d-5bba-910f-60e20c79a3be	{}	{}	{}
